,state_code,state_name,district_name,district_code,Dist2011,num_blocks
1,1,ANDAMAN AND NICOBAR,NICOBARS,102,638,3
2,1,ANDAMAN AND NICOBAR,NORTH AND MIDDLE ANDAMAN,103,639,3
3,1,ANDAMAN AND NICOBAR,SOUTH ANDAMAN,101,640,3
4,2,ANDHRA PRADESH,ANANTAPUR,212,553,63
5,2,ANDHRA PRADESH,CHITTOOR,210,554,66
6,2,ANDHRA PRADESH,CUDDAPAH,211,551,50
7,2,ANDHRA PRADESH,EAST GODAVARI,204,545,58
8,2,ANDHRA PRADESH,GUNTUR,207,548,57
9,2,ANDHRA PRADESH,KRISHNA,206,547,49
10,2,ANDHRA PRADESH,KURNOOL,213,552,54
11,2,ANDHRA PRADESH,NELLORE,209,550,46
12,2,ANDHRA PRADESH,PRAKASAM,208,549,56
13,2,ANDHRA PRADESH,SRIKAKULAM,201,542,38
14,2,ANDHRA PRADESH,VISAKHAPATANAM,203,544,39
15,2,ANDHRA PRADESH,VIZIANAGARAM,202,543,34
16,2,ANDHRA PRADESH,WEST GODAVARI,205,546,46
17,3,ARUNACHAL PRADESH,ANJAW,317,260,4
18,3,ARUNACHAL PRADESH,CHANGLANG,310,253,8
19,3,ARUNACHAL PRADESH,EAST KAMENG,303,247,8
20,3,ARUNACHAL PRADESH,EAST SIANG,307,251,4
21,3,ARUNACHAL PRADESH,KURUNG KUMEY,316,256,6
22,3,ARUNACHAL PRADESH,LOHIT,309,259,2
23,3,ARUNACHAL PRADESH,LOWER DIBANG VALLEY,314,258,3
24,3,ARUNACHAL PRADESH,LOWER SUBANSIRI,304,255,3
25,3,ARUNACHAL PRADESH,PAPUM PARE,312,248,5
26,3,ARUNACHAL PRADESH,TAWANG,301,245,6
27,3,ARUNACHAL PRADESH,TIRAP,311,254,4
28,3,ARUNACHAL PRADESH,UPPER DIBANG VALLEY,315,257,3
29,3,ARUNACHAL PRADESH,UPPER SIANG,313,252,6
30,3,ARUNACHAL PRADESH,UPPER SUBANSIRI,305,249,9
31,3,ARUNACHAL PRADESH,WEST KAMENG,302,246,5
32,3,ARUNACHAL PRADESH,WEST SIANG,306,250,10
33,4,ASSAM,BAKSA,424,324,8
34,4,ASSAM,BARPETA,405,303,12
35,4,ASSAM,BONGAIGAON,403,319,5
36,4,ASSAM,CACHAR,423,316,15
37,4,ASSAM,CHIRANG,425,320,3
38,4,ASSAM,DARRANG,408,325,7
39,4,ASSAM,DHEMAJI,411,308,5
40,4,ASSAM,DHUBRI,401,301,15
41,4,ASSAM,DIBRUGARH,417,310,7
42,4,ASSAM,DIMA HASAO(NORTH CACHAR HILLS),420,315,5
43,4,ASSAM,GOALPARA,404,302,8
44,4,ASSAM,GOLAGHAT,414,313,8
45,4,ASSAM,HAILAKANDI,422,318,5
46,4,ASSAM,JORHAT,415,312,8
47,4,ASSAM,KAMRUP,407,321,14
48,4,ASSAM,KAMRUP-METRO,426,322,4
49,4,ASSAM,KARBI ANGLONG,419,314,11
50,4,ASSAM,KARIMGANJ,421,317,7
51,4,ASSAM,KOKRAJHAR,402,300,9
52,4,ASSAM,LAKHIMPUR,410,307,9
53,4,ASSAM,MORIGAON,412,304,7
54,4,ASSAM,NAGAON,413,305,18
55,4,ASSAM,NALBARI,406,323,7
56,4,ASSAM,SIVASAGAR,416,311,9
57,4,ASSAM,SONITPUR,409,306,13
58,4,ASSAM,TINSUKIA,418,309,7
59,4,ASSAM,UDALGURI,427,326,10
60,5,BIHAR,ARARIA,541,209,9
61,5,BIHAR,ARWAL,551,240,5
62,5,BIHAR,AURANAGABAD,505,235,11
63,5,BIHAR,BANKA,545,225,11
64,5,BIHAR,BEGUSARAI,517,222,18
65,5,BIHAR,BHAGALPUR,527,224,15
66,5,BIHAR,BHOJPUR,503,231,14
67,5,BIHAR,BUXAR,548,232,11
68,5,BIHAR,DARBHANGA,519,215,18
69,5,BIHAR,GAYA,507,236,24
70,5,BIHAR,GOPALGANJ,511,217,14
71,5,BIHAR,JAMUI,550,238,10
72,5,BIHAR,JEHANABAD,506,239,7
73,5,BIHAR,KAIMUR alias BHABUA,549,233,11
74,5,BIHAR,KATIHAR,524,212,16
75,5,BIHAR,KHAGARIA,525,223,7
76,5,BIHAR,KISHANGANJ,542,210,7
77,5,BIHAR,LAKHISARAI,546,227,7
78,5,BIHAR,MADHEPURA,522,213,13
79,5,BIHAR,MADHUBANI,520,207,21
80,5,BIHAR,MUNGER,526,226,9
81,5,BIHAR,MUZAFFARPUR,515,216,16
82,5,BIHAR,NALANDA,502,229,20
83,5,BIHAR,NAWADA,508,237,14
84,5,BIHAR,PASHCHIM CHAMPARAN,512,203,18
85,5,BIHAR,PATNA,501,230,23
86,5,BIHAR,PURBI CHAMPARAN,513,204,26
87,5,BIHAR,PURNIA,523,211,14
88,5,BIHAR,ROHTAS,504,234,19
89,5,BIHAR,SAHARSA,521,214,10
90,5,BIHAR,SAMASTIPUR,518,221,20
91,5,BIHAR,SARAN,509,219,20
92,5,BIHAR,SHEIKHPURA,547,228,6
93,5,BIHAR,SHEOHAR,543,205,5
94,5,BIHAR,SITAMARHI,514,206,17
95,5,BIHAR,SIWAN,510,218,19
96,5,BIHAR,SUPAUL,544,208,11
97,5,BIHAR,VAISHALI,516,220,16
98,7,DADRA AND NAGAR HAVELI,DADRA AND NAGAR HAVELI,701,496,1
99,8,DAMAN AND DIU,DAMAN,801,495,1
100,8,DAMAN AND DIU,DIU,802,494,1
101,10,GOA,NORTH GOA,1001,585,6
102,10,GOA,SOUTH GOA,1002,586,5
103,11,GUJARAT,AHMADABAD,1112,474,8
104,11,GUJARAT,AMRELI,1105,480,11
105,11,GUJARAT,ANAND,1122,482,8
106,11,GUJARAT,BANAS KANTHA,1108,469,12
107,11,GUJARAT,BHARUCH,1116,488,8
108,11,GUJARAT,BHAVNAGAR,1104,481,9
109,11,GUJARAT,DOHAD,1123,485,7
110,11,GUJARAT,GANDHINAGAR,1111,473,4
111,11,GUJARAT,JAMNAGAR,1101,477,6
112,11,GUJARAT,JUNAGADH,1106,479,9
113,11,GUJARAT,KACHCHH,1107,468,10
114,11,GUJARAT,KHEDA,1113,483,8
115,11,GUJARAT,MAHESANA,1110,471,9
116,11,GUJARAT,NARMADA,1124,487,4
117,11,GUJARAT,NAVSARI,1125,490,5
118,11,GUJARAT,PANCH MAHALS,1114,484,7
119,11,GUJARAT,PATAN,1120,470,7
120,11,GUJARAT,PORBANDAR,1121,478,3
121,11,GUJARAT,RAJKOT,1102,476,10
122,11,GUJARAT,SABAR KANTHA,1109,472,7
123,11,GUJARAT,SURAT,1117,492,9
124,11,GUJARAT,SURENDRANAGAR,1103,475,9
125,11,GUJARAT,TAPI,1126,493,5
126,11,GUJARAT,VADODARA,1115,486,7
127,11,GUJARAT,VALSAD,1118,491,5
128,12,HARYANA,AMBALA,1201,70,6
129,12,HARYANA,BHIWANI,1213,81,10
130,12,HARYANA,FARIDABAD,1209,88,2
131,12,HARYANA,FATEHABAD,1218,78,6
132,12,HARYANA,GURGAON,1210,86,4
133,12,HARYANA,HISAR,1215,80,9
134,12,HARYANA,JHAJJAR,1220,83,5
135,12,HARYANA,JIND,1214,77,7
136,12,HARYANA,KAITHAL,1204,73,6
137,12,HARYANA,KARNAL,1205,74,6
138,12,HARYANA,KURUKSHETRA,1203,72,5
139,12,HARYANA,MAHENDRAGARH,1212,84,5
140,12,HARYANA,MEWAT,1219,87,5
141,12,HARYANA,PALWAL,1221,89,4
142,12,HARYANA,PANCHKULA,1217,69,4
143,12,HARYANA,PANIPAT,1206,75,5
144,12,HARYANA,REWARI,1211,85,5
145,12,HARYANA,ROHTAK,1208,82,5
146,12,HARYANA,SIRSA,1216,79,7
147,12,HARYANA,SONIPAT,1207,76,7
148,12,HARYANA,YAMUNANAGAR,1202,71,6
149,13,HIMACHAL PRADESH,BILASPUR,1301,30,3
150,13,HIMACHAL PRADESH,CHAMBA,1302,23,7
151,13,HIMACHAL PRADESH,HAMIRPUR,1303,28,6
152,13,HIMACHAL PRADESH,KANGRA,1304,24,15
153,13,HIMACHAL PRADESH,KINNAUR,1305,34,3
154,13,HIMACHAL PRADESH,KULLU,1306,26,5
155,13,HIMACHAL PRADESH,LAHUL AND SPITI,1307,25,2
156,13,HIMACHAL PRADESH,MANDI,1308,27,10
157,13,HIMACHAL PRADESH,SHIMLA,1309,33,10
158,13,HIMACHAL PRADESH,SIRMAUR,1310,32,6
159,13,HIMACHAL PRADESH,SOLAN,1311,31,5
160,13,HIMACHAL PRADESH,UNA,1312,29,5
161,14,JAMMU AND KASHMIR,ANANTNAG,1406,14,8
162,14,JAMMU AND KASHMIR,BANDIPORe,1419,9,4
163,14,JAMMU AND KASHMIR,BARAMULLA,1402,8,12
164,14,JAMMU AND KASHMIR,BUDGAM,1404,2,8
165,14,JAMMU AND KASHMIR,DODA,1409,16,8
166,14,JAMMU AND KASHMIR,GANDERBAL,1420,11,4
167,14,JAMMU AND KASHMIR,JAMMU,1413,21,8
168,14,JAMMU AND KASHMIR,KARGIL,1408,4,9
169,14,JAMMU AND KASHMIR,KATHUA,1414,7,8
170,14,JAMMU AND KASHMIR,KISHTWAR,1415,18,8
171,14,JAMMU AND KASHMIR,KULGAM,1421,15,5
172,14,JAMMU AND KASHMIR,KUPWARA,1401,1,11
173,14,JAMMU AND KASHMIR,LEH,1407,3,8
174,14,JAMMU AND KASHMIR,PULWAMA,1405,12,5
175,14,JAMMU AND KASHMIR,Punch,1411,5,6
176,14,JAMMU AND KASHMIR,Rajouri,1412,6,8
177,14,JAMMU AND KASHMIR,RAMBAN,1416,17,4
178,14,JAMMU AND KASHMIR,REASI,1417,20,4
179,14,JAMMU AND KASHMIR,SAMBA,1418,22,4
180,14,JAMMU AND KASHMIR,SHOPIAN,1422,13,2
181,14,JAMMU AND KASHMIR,SRINAGAR,1403,10,1
182,14,JAMMU AND KASHMIR,UDHAMPUR,1410,19,7
183,15,KARNATAKA,BAGALKOTE,1501,556,6
184,15,KARNATAKA,BANGALORE RURAL,1503,583,4
185,15,KARNATAKA,BELGAUM,1504,555,10
186,15,KARNATAKA,BELLARY,1505,565,7
187,15,KARNATAKA,BIDAR,1506,558,5
188,15,KARNATAKA,BIJAPUR,1507,557,5
189,15,KARNATAKA,CHAMARAJA NAGARA,1508,578,4
190,15,KARNATAKA,CHIKKABALLAPURA,1528,582,6
191,15,KARNATAKA,CHIKMAGALUR,1509,570,7
192,15,KARNATAKA,CHITRADURGA,1510,566,6
193,15,KARNATAKA,DAKSHINA KANNADA,1511,575,5
194,15,KARNATAKA,DAVANAGERE,1512,567,6
195,15,KARNATAKA,DHARWAR,1513,562,5
196,15,KARNATAKA,GADAG,1514,561,5
197,15,KARNATAKA,GULBARGA,1515,579,7
198,15,KARNATAKA,HASSAN,1516,574,8
199,15,KARNATAKA,HAVERI,1517,564,7
200,15,KARNATAKA,KODAGU,1518,576,3
201,15,KARNATAKA,KOLAR,1519,581,5
202,15,KARNATAKA,KOPPAL,1520,560,4
203,15,KARNATAKA,MANDYA,1521,573,7
204,15,KARNATAKA,MYSORE,1522,577,7
205,15,KARNATAKA,RAICHUR,1523,559,5
206,15,KARNATAKA,RAMANAGARA,1529,584,4
207,15,KARNATAKA,SHIMOGA,1524,568,7
208,15,KARNATAKA,TUMKUR,1525,571,10
209,15,KARNATAKA,UDUPI,1526,569,3
210,15,KARNATAKA,UTTARA KANNADA,1527,563,11
211,15,KARNATAKA,YADGIR,1530,580,3
212,16,KERALA,ALAPPUZHA,1611,598,12
213,16,KERALA,ERNAKULAM,1608,595,14
214,16,KERALA,IDUKKI,1609,596,8
215,16,KERALA,KANNUR,1602,589,9
216,16,KERALA,KASARGODE,1601,588,4
217,16,KERALA,KOLLAM,1613,600,11
218,16,KERALA,KOTTAYAM,1610,597,11
219,16,KERALA,KOZHIKKODE,1604,591,12
220,16,KERALA,MALAPPURAM,1605,592,14
221,16,KERALA,PALAKKAD,1606,593,13
222,16,KERALA,PATHANAMTHITTA,1612,599,8
223,16,KERALA,THIRUVANANTHAPURAM,1614,601,10
224,16,KERALA,THRISSUR,1607,594,16
225,16,KERALA,WAYANAD,1603,590,3
226,17,MADHYA PRADESH,ALIRAJPUR,1749,465,3
227,17,MADHYA PRADESH,ANUPPUR,1746,461,4
228,17,MADHYA PRADESH,ASHOK NAGAR,1748,459,4
229,17,MADHYA PRADESH,BALAGHAT,1738,457,9
230,17,MADHYA PRADESH,BARWANI,1742,441,7
231,17,MADHYA PRADESH,BETUL,1731,447,8
232,17,MADHYA PRADESH,BHIND,1702,420,6
233,17,MADHYA PRADESH,BHOPAL,1728,444,1
234,17,MADHYA PRADESH,BURHANPUR,1747,467,2
235,17,MADHYA PRADESH,CHHATARPUR,1708,425,8
236,17,MADHYA PRADESH,CHHINDWARA,1736,455,11
237,17,MADHYA PRADESH,DAMOH,1711,428,7
238,17,MADHYA PRADESH,DATIA,1704,422,3
239,17,MADHYA PRADESH,DEWAS,1720,437,6
240,17,MADHYA PRADESH,DHAR,1722,438,8
241,17,MADHYA PRADESH,DINDORI,1745,453,7
242,17,MADHYA PRADESH,GUNA,1706,458,4
243,17,MADHYA PRADESH,GWALIOR,1703,421,2
244,17,MADHYA PRADESH,HARDA,1743,448,3
245,17,MADHYA PRADESH,HOSHANGABAD,1732,449,7
246,17,MADHYA PRADESH,INDORE,1723,439,4
247,17,MADHYA PRADESH,JABALPUR,1733,451,7
248,17,MADHYA PRADESH,JHABUA,1721,464,5
249,17,MADHYA PRADESH,KATNI,1744,450,4
250,17,MADHYA PRADESH,KHANDWA,1725,466,4
251,17,MADHYA PRADESH,KHARGONE,1724,440,9
252,17,MADHYA PRADESH,MANDLA,1735,454,6
253,17,MADHYA PRADESH,MANDSAUR,1716,433,5
254,17,MADHYA PRADESH,MORENA,1701,419,6
255,17,MADHYA PRADESH,NARSINGHPUR,1734,452,4
256,17,MADHYA PRADESH,NEEMUCH,1741,432,3
257,17,MADHYA PRADESH,PANNA,1709,426,4
258,17,MADHYA PRADESH,RAISEN,1730,446,5
259,17,MADHYA PRADESH,RAJGARH,1726,442,5
260,17,MADHYA PRADESH,RATLAM,1717,434,6
261,17,MADHYA PRADESH,REWA,1713,430,7
262,17,MADHYA PRADESH,SAGAR,1710,427,10
263,17,MADHYA PRADESH,SATNA,1712,429,7
264,17,MADHYA PRADESH,SEHORE,1729,445,5
265,17,MADHYA PRADESH,SEONI,1737,456,8
266,17,MADHYA PRADESH,SHAHDOL,1714,460,5
267,17,MADHYA PRADESH,SHAJAPUR,1719,436,4
268,17,MADHYA PRADESH,SHEOPUR,1739,418,3
269,17,MADHYA PRADESH,SHIVPURI,1705,423,8
270,17,MADHYA PRADESH,SIDHI,1715,462,4
271,17,MADHYA PRADESH,SINGROLI,1750,463,2
272,17,MADHYA PRADESH,TIKAMGARH,1707,424,6
273,17,MADHYA PRADESH,UJJAIN,1718,435,6
274,17,MADHYA PRADESH,UMARIA,1740,431,2
275,17,MADHYA PRADESH,VIDISHA,1727,443,7
276,18,MAHARASHTRA,AHMEDNAGAR,1809,522,14
277,18,MAHARASHTRA,AKOLA,1823,501,7
278,18,MAHARASHTRA,AMRAVATI,1824,503,14
279,18,MAHARASHTRA,AURANGABAD,1815,515,9
280,18,MAHARASHTRA,BEED,1818,523,11
281,18,MAHARASHTRA,BHANDARA,1828,506,7
282,18,MAHARASHTRA,BULDHANA,1822,500,13
283,18,MAHARASHTRA,CHANDRAPUR,1829,509,15
284,18,MAHARASHTRA,DHULE,1807,498,4
285,18,MAHARASHTRA,GADCHIROLI,1830,508,12
286,18,MAHARASHTRA,GONDIA,1833,507,8
287,18,MAHARASHTRA,HINGOLI,1834,512,5
288,18,MAHARASHTRA,JALGAON,1808,499,15
289,18,MAHARASHTRA,JALNA,1816,514,8
290,18,MAHARASHTRA,KOLHAPUR,1814,530,12
291,18,MAHARASHTRA,LATUR,1821,524,10
292,18,MAHARASHTRA,NAGPUR,1827,505,13
293,18,MAHARASHTRA,NANDED,1819,511,16
294,18,MAHARASHTRA,NANDURBAR,1831,497,6
295,18,MAHARASHTRA,NASHIK,1806,516,15
296,18,MAHARASHTRA,OSMANABAD,1820,525,8
297,18,MAHARASHTRA,PARBHANI,1817,513,9
298,18,MAHARASHTRA,PUNE,1810,521,13
299,18,MAHARASHTRA,RAIGAD,1803,520,15
300,18,MAHARASHTRA,RATNAGIRI,1804,528,9
301,18,MAHARASHTRA,SANGLI,1812,531,10
302,18,MAHARASHTRA,SATARA,1811,527,11
303,18,MAHARASHTRA,SINDHUDURG,1805,529,8
304,18,MAHARASHTRA,SOLAPUR,1813,526,11
305,18,MAHARASHTRA,THANE,1802,517,13
306,18,MAHARASHTRA,WARDHA,1826,504,8
307,18,MAHARASHTRA,WASHIM,1832,502,6
308,18,MAHARASHTRA,YAVATMAL,1825,510,16
309,20,MANIPUR,BISHNUPUR,2006,275,2
310,20,MANIPUR,CHANDEL,2004,280,5
311,20,MANIPUR,CHURACHANDPUR,2003,274,10
312,20,MANIPUR,IMPHAL EAST,2009,278,3
313,20,MANIPUR,IMPHAL WEST,2007,277,2
314,20,MANIPUR,SENAPATI,2001,272,6
315,20,MANIPUR,TAMENGLONG,2002,273,5
316,20,MANIPUR,THOUBAL,2005,276,2
317,20,MANIPUR,UKHRUL,2008,279,6
318,21,MEGHALAYA,EAST GARO HILLS,2104,294,3
319,21,MEGHALAYA,EAST KHASI HILLS,2102,298,8
320,21,MEGHALAYA,RI BHOI,2107,297,3
321,21,MEGHALAYA,SOUTH GARO HILLS,2106,295,4
322,21,MEGHALAYA,WEST GARO HILLS,2105,293,6
323,21,MEGHALAYA,WEST JAINTIA HILLS,2108,299,3
324,21,MEGHALAYA,WEST KHASI HILLS,2103,296,4
325,22,MIZORAM,AIZAWL,2201,283,4
326,22,MIZORAM,CHAMPHAI,2206,284,4
327,22,MIZORAM,KOLASIB,2205,282,1
328,22,MIZORAM,LAWNGTLAI,2208,287,4
329,22,MIZORAM,LUNGLEI,2202,286,3
330,22,MIZORAM,MAMIT,2204,281,3
331,22,MIZORAM,SAIHA,2203,288,2
332,22,MIZORAM,SERCHHIP,2207,285,2
333,23,NAGALAND,DIMAPUR,2308,265,4
334,23,NAGALAND,KIPHIRE,2309,269,3
335,23,NAGALAND,KOHIMA,2301,270,4
336,23,NAGALAND,LONGLENG,2310,268,2
337,23,NAGALAND,MOKOKCHUNG,2305,262,5
338,23,NAGALAND,MON,2307,261,6
339,23,NAGALAND,PAREN,2311,271,3
340,23,NAGALAND,PHEK,2302,266,8
341,23,NAGALAND,TUENSANG,2306,267,9
342,23,NAGALAND,WOKHA,2304,264,5
343,23,NAGALAND,ZUNHEBOTO,2303,263,6
344,24,ODISHA,ANGUL,2421,384,8
345,24,ODISHA,BALESHWAR,2405,377,12
346,24,ODISHA,BARGARH,2414,370,12
347,24,ODISHA,BHADRAK,2417,378,7
348,24,ODISHA,BOLANGIR,2409,393,14
349,24,ODISHA,BOUDH,2426,391,3
350,24,ODISHA,CUTTACK,2406,381,14
351,24,ODISHA,DEOGARH,2416,373,3
352,24,ODISHA,DHENKANAL,2407,383,8
353,24,ODISHA,GAJAPATI,2424,389,7
354,24,ODISHA,GANJAM,2412,388,22
355,24,ODISHA,JAGATSINGHAPUR,2419,380,8
356,24,ODISHA,JAJPUR,2420,382,10
357,24,ODISHA,JHARSUGUDA,2415,371,5
358,24,ODISHA,KALAHANDI,2410,395,13
359,24,ODISHA,KANDHAMAL,2408,390,12
360,24,ODISHA,KENDRAPARA,2418,379,9
361,24,ODISHA,KENDUJHAR,2403,375,13
362,24,ODISHA,KHORDHA,2423,386,10
363,24,ODISHA,KORAPUT,2411,398,14
364,24,ODISHA,MALKANGIRI,2431,399,7
365,24,ODISHA,MAYURBHANJ,2404,376,26
366,24,ODISHA,NABARANGAPUR,2430,397,10
367,24,ODISHA,NAYAGARH,2422,385,8
368,24,ODISHA,NUAPADA,2428,394,5
369,24,ODISHA,PURI,2413,387,11
370,24,ODISHA,RAYAGADA,2429,396,11
371,24,ODISHA,SAMBALPUR,2401,372,9
372,24,ODISHA,SONEPUR,2427,392,6
373,24,ODISHA,SUNDARGARH,2402,374,17
374,25,PONDICHERRY,KARAIKAL,2502,637,1
375,25,PONDICHERRY,PONDICHERRY,2501,635,2
376,26,PUNJAB,AMRITSAR,2602,49,9
377,26,PUNJAB,BARNALA,2621,54,3
378,26,PUNJAB,BATHINDA,2611,46,8
379,26,PUNJAB,FARIDKOT,2612,45,2
380,26,PUNJAB,FATEHGARH SAHIB,2618,40,5
381,26,PUNJAB,FIROZEPUR,2603,43,6
382,26,PUNJAB,GURDASPUR,2601,35,11
383,26,PUNJAB,HOSHIARPUR,2607,38,10
384,26,PUNJAB,JALANDHAR,2605,37,10
385,26,PUNJAB,KAPURTHALA,2606,36,5
386,26,PUNJAB,LUDHIANA,2604,41,12
387,26,PUNJAB,MANSA,2617,47,5
388,26,PUNJAB,MOGA,2615,42,4
389,26,PUNJAB,MUKTSAR,2616,44,3
390,26,PUNJAB,NAWANSHAHR,2614,39,5
391,26,PUNJAB,PATIALA,2609,48,8
392,26,PUNJAB,RUPNAGAR,2608,51,5
393,26,PUNJAB,SANGRUR,2610,53,9
394,26,PUNJAB,SAS NAGAR,2619,52,3
395,26,PUNJAB,TARAN TARAN,2620,50,8
396,27,RAJASTHAN,AJMER,2721,119,8
397,27,RAJASTHAN,ALWAR,2706,104,14
398,27,RAJASTHAN,BANSWARA,2728,125,8
399,27,RAJASTHAN,BARAN,2731,128,7
400,27,RAJASTHAN,BARMER,2717,115,8
401,27,RAJASTHAN,BHARATPUR,2707,105,8
402,27,RAJASTHAN,BHILWARA,2724,122,11
403,27,RAJASTHAN,BIKANER,2703,101,5
404,27,RAJASTHAN,BUNDI,2723,121,5
405,27,RAJASTHAN,CHITTORGARH,2729,126,11
406,27,RAJASTHAN,CHURU,2704,102,6
407,27,RAJASTHAN,DAUSA,2711,109,5
408,27,RAJASTHAN,DHOLPUR,2708,106,4
409,27,RAJASTHAN,DUNGARPUR,2727,124,5
410,27,RAJASTHAN,HANUMANGARH,2702,100,7
411,27,RAJASTHAN,JAIPUR,2712,110,13
412,27,RAJASTHAN,JAISALMER,2716,114,3
413,27,RAJASTHAN,JALORE,2718,116,8
414,27,RAJASTHAN,JHALAWAR,2732,129,6
415,27,RAJASTHAN,JHUNJHUNU,2705,103,7
416,27,RAJASTHAN,JODHPUR,2715,113,10
417,27,RAJASTHAN,KARAULI,2709,107,5
418,27,RAJASTHAN,KOTA,2730,127,5
419,27,RAJASTHAN,NAGAUR,2714,112,11
420,27,RAJASTHAN,PALI,2720,118,10
421,27,RAJASTHAN,PRATAPGARH,2733,131,5
422,27,RAJASTHAN,RAJSAMAND,2725,123,7
423,27,RAJASTHAN,SAWAI MADHOPUR,2710,108,5
424,27,RAJASTHAN,SIKAR,2713,111,8
425,27,RAJASTHAN,SIROHI,2719,117,5
426,27,RAJASTHAN,TONK,2722,120,6
427,27,RAJASTHAN,UDAIPUR,2726,130,11
428,28,SIKKIM,EAST DISTRICT,2802,244,2
429,28,SIKKIM,NORTH DISTRICT,2801,241,2
430,28,SIKKIM,SOUTH DISTRICT,2803,243,2
431,28,SIKKIM,WEST DISTRICT,2804,242,2
432,29,TAMIL NADU,ARIYALUR,2931,616,6
433,29,TAMIL NADU,COIMBATORE,2911,632,12
434,29,TAMIL NADU,CUDDALORE,2903,617,12
435,29,TAMIL NADU,DHARMAPURI,2909,630,8
436,29,TAMIL NADU,DINDIGUL,2922,612,14
437,29,TAMIL NADU,ERODE,2910,610,14
438,29,TAMIL NADU,KANCHIPURAM,2901,604,13
439,29,TAMIL NADU,KANNIYAKUMARI,2928,629,9
440,29,TAMIL NADU,KARUR,2917,613,8
441,29,TAMIL NADU,KRISHNAGIRI,2930,631,10
442,29,TAMIL NADU,MADURAI,2920,623,13
443,29,TAMIL NADU,NAGAPATTINAM,2914,618,11
444,29,TAMIL NADU,NAMAKKAL,2908,609,15
445,29,TAMIL NADU,PERAMBALUR,2918,615,4
446,29,TAMIL NADU,PUDUKKOTTAI,2919,621,13
447,29,TAMIL NADU,RAMANATHAPURAM,2923,626,11
448,29,TAMIL NADU,SALEM,2907,608,20
449,29,TAMIL NADU,SIVAGANGAI,2925,622,12
450,29,TAMIL NADU,THANJAVUR,2913,620,14
451,29,TAMIL NADU,THE NILGIRIS,2912,611,4
452,29,TAMIL NADU,THENI,2921,624,8
453,29,TAMIL NADU,THIRPPUR,2932,633,13
454,29,TAMIL NADU,THOOTHUKKUDI,2927,627,12
455,29,TAMIL NADU,TIRUCHIRAPPALLI,2916,614,14
456,29,TAMIL NADU,TIRUNELVELI,2926,628,19
457,29,TAMIL NADU,TIRUVALLUR,2902,602,14
458,29,TAMIL NADU,TIRUVANNAMALAI,2906,606,18
459,29,TAMIL NADU,TIRUVARUR,2915,619,10
460,29,TAMIL NADU,VELLORE,2905,605,20
461,29,TAMIL NADU,VILLUPURAM,2904,607,22
462,29,TAMIL NADU,VIRUDHUNAGAR,2924,625,11
463,30,TRIPURA,DHALAI,3004,291,8
464,30,TRIPURA,NORTH TRIPURA,3003,292,8
465,30,TRIPURA,SOUTH TRIPURA,3002,290,8
466,30,TRIPURA,WEST TRIPURA,3001,289,9
467,31,UTTAR PRADESH,AGRA,3120,146,15
468,31,UTTAR PRADESH,ALIGARH,3118,143,12
469,31,UTTAR PRADESH,ALLAHABAD,3145,175,20
470,31,UTTAR PRADESH,AMBEDKAR NAGAR,3178,178,9
471,31,UTTAR PRADESH,AURAIYA,3169,162,7
472,31,UTTAR PRADESH,AZAMGARH,3157,191,22
473,31,UTTAR PRADESH,BAGHPAT,3165,139,6
474,31,UTTAR PRADESH,BAHRAICH,3146,180,14
475,31,UTTAR PRADESH,BALLIA,3159,193,17
476,31,UTTAR PRADESH,BALRAMPUR,3175,182,9
477,31,UTTAR PRADESH,BANDA,3142,170,8
478,31,UTTAR PRADESH,BARABANKI,3148,176,15
479,31,UTTAR PRADESH,BAREILLY,3125,150,15
480,31,UTTAR PRADESH,BASTI,3153,185,14
481,31,UTTAR PRADESH,BIJNOR,3109,134,11
482,31,UTTAR PRADESH,BUDAUN,3124,149,15
483,31,UTTAR PRADESH,BULANDSHAHR,3117,142,16
484,31,UTTAR PRADESH,CHANDAULI,3171,196,9
485,31,UTTAR PRADESH,CHITRAKOOT,3177,171,5
486,31,UTTAR PRADESH,DEORIA,3155,190,16
487,31,UTTAR PRADESH,ETAH,3122,201,8
488,31,UTTAR PRADESH,ETAWAH,3135,161,8
489,31,UTTAR PRADESH,FAIZABAD,3149,177,11
490,31,UTTAR PRADESH,FARRUKHABAD,3134,159,7
491,31,UTTAR PRADESH,FATEHPUR,3143,172,13
492,31,UTTAR PRADESH,FIROZABAD,3121,147,9
493,31,UTTAR PRADESH,GAUTAM BUDDHA NAGAR,3164,141,4
494,31,UTTAR PRADESH,GHAZIABAD,3116,140,4
495,31,UTTAR PRADESH,GHAZIPUR,3160,195,16
496,31,UTTAR PRADESH,GONDA,3147,183,16
497,31,UTTAR PRADESH,GORAKHPUR,3154,188,19
498,31,UTTAR PRADESH,HAMIRPUR,3141,168,7
499,31,UTTAR PRADESH,HARDOI,3130,155,19
500,31,UTTAR PRADESH,JALAUN,3138,165,9
501,31,UTTAR PRADESH,JAUNPUR,3158,194,21
502,31,UTTAR PRADESH,JHANSI,3139,166,8
503,31,UTTAR PRADESH,JYOTIBA PHOOLE NAGAR,3167,137,6
504,31,UTTAR PRADESH,KANNAUJ,3168,160,8
505,31,UTTAR PRADESH,KANPUR DEHAT,3136,163,10
506,31,UTTAR PRADESH,KANPUR NAGAR,3137,164,10
507,31,UTTAR PRADESH,KANSHIRAM NAGAR,3180,202,7
508,31,UTTAR PRADESH,KAUSHAMBI,3170,174,8
509,31,UTTAR PRADESH,KHERI,3128,153,15
510,31,UTTAR PRADESH,KUSHI NAGAR,3172,189,14
511,31,UTTAR PRADESH,LALITPUR,3140,167,6
512,31,UTTAR PRADESH,LUCKNOW,3132,157,8
513,31,UTTAR PRADESH,MAHAMAYA NAGAR,3166,144,7
514,31,UTTAR PRADESH,MAHARAJGANJ,3152,187,12
515,31,UTTAR PRADESH,MAHOBA,3179,169,4
516,31,UTTAR PRADESH,MAINPURI,3123,148,8
517,31,UTTAR PRADESH,MATHURA,3119,145,10
518,31,UTTAR PRADESH,MAU,3156,192,9
519,31,UTTAR PRADESH,MEERUT,3115,138,12
520,31,UTTAR PRADESH,MIRZAPUR,3162,199,12
521,31,UTTAR PRADESH,MORADABAD,3110,135,7
522,31,UTTAR PRADESH,MUZAFFARNAGAR,3114,133,9
523,31,UTTAR PRADESH,PILIBHIT,3126,151,7
524,31,UTTAR PRADESH,PRATAPGARH,3144,173,17
525,31,UTTAR PRADESH,RAE BARELI,3133,158,18
526,31,UTTAR PRADESH,RAMPUR,3111,136,6
527,31,UTTAR PRADESH,SAHARANPUR,3112,132,11
528,31,UTTAR PRADESH,SANT KABEER NAGAR,3174,186,9
529,31,UTTAR PRADESH,SANT RAVIDAS NAGAR,3173,198,6
530,31,UTTAR PRADESH,SHAHJAHANPUR,3127,152,15
531,31,UTTAR PRADESH,SHRAVASTI,3176,181,5
532,31,UTTAR PRADESH,SIDDHARTH NAGAR,3151,184,14
533,31,UTTAR PRADESH,SITAPUR,3129,154,19
534,31,UTTAR PRADESH,SONBHADRA,3163,200,8
535,31,UTTAR PRADESH,SULTANPUR,3150,179,14
536,31,UTTAR PRADESH,UNNAO,3131,156,16
537,31,UTTAR PRADESH,VARANASI,3161,197,8
538,32,WEST BENGAL,24 PARGANAS NORTH,3215,337,22
539,32,WEST BENGAL,24 PARGANAS SOUTH,3216,343,29
540,32,WEST BENGAL,BANKURA,3213,339,22
541,32,WEST BENGAL,BIRBHUM,3203,334,19
542,32,WEST BENGAL,COOCHBEHAR,3208,329,12
543,32,WEST BENGAL,DARJEELING(GTA),3219,327,8
544,32,WEST BENGAL,DINAJPUR DAKSHIN,3217,331,8
545,32,WEST BENGAL,DINAJPUR UTTAR,3218,330,9
546,32,WEST BENGAL,HOOGHLY,3206,338,18
547,32,WEST BENGAL,HOWRAH,3205,341,14
548,32,WEST BENGAL,JALPAIGURI,3207,328,13
549,32,WEST BENGAL,MALDAH,3209,332,15
550,32,WEST BENGAL,MURSHIDABAD,3212,333,26
551,32,WEST BENGAL,NADIA,3201,336,17
552,32,WEST BENGAL,PASCHIM MEDINIPUR,3210,344,29
553,32,WEST BENGAL,PURBA MEDINIPUR,3211,345,25
554,32,WEST BENGAL,PURULIA,3214,340,20
555,33,CHHATTISGARH,BASTAR,3311,414,7
556,33,CHHATTISGARH,BIJAPUR,3317,417,4
557,33,CHHATTISGARH,BILASPUR,3301,406,7
558,33,CHHATTISGARH,DANTEWADA,3312,416,4
559,33,CHHATTISGARH,DHAMTARI,3309,412,4
560,33,CHHATTISGARH,DURG,3303,409,3
561,33,CHHATTISGARH,GARIYABAND,3320,645,5
562,33,CHHATTISGARH,JANJGIR-CHAMPA,3314,405,9
563,33,CHHATTISGARH,JASHPUR,3307,402,8
564,33,CHHATTISGARH,KANKER,3310,413,7
565,33,CHHATTISGARH,KAWARDHA,3302,407,4
566,33,CHHATTISGARH,KORBA,3308,404,5
567,33,CHHATTISGARH,KOREA,3306,400,5
568,33,CHHATTISGARH,MAHASAMUND,3315,411,5
569,33,CHHATTISGARH,NARAYANPUR,3318,415,2
570,33,CHHATTISGARH,RAIGARH,3313,403,9
571,33,CHHATTISGARH,RAIPUR,3316,410,4
572,33,CHHATTISGARH,RAJNANDAGON,3304,408,9
573,33,CHHATTISGARH,SURGUJA,3305,401,7
574,34,JHARKHAND,BOKARO,3420,355,9
575,34,JHARKHAND,CHATRA,3417,347,12
576,34,JHARKHAND,DEOGHAR,3422,350,10
577,34,JHARKHAND,DHANBAD,3421,354,8
578,34,JHARKHAND,DUMKA,3411,362,10
579,34,JHARKHAND,EAST SINGHBUM,3410,357,11
580,34,JHARKHAND,GARHWA,3407,346,19
581,34,JHARKHAND,GIRIDIH,3419,349,13
582,34,JHARKHAND,GODDA,3415,351,9
583,34,JHARKHAND,GUMLA,3403,366,12
584,34,JHARKHAND,HAZARIBAGH,3416,360,15
585,34,JHARKHAND,JAMTARA,3412,363,6
586,34,JHARKHAND,KHUNTI,3424,365,5
587,34,JHARKHAND,KODERMA,3418,348,6
588,34,JHARKHAND,LATEHAR,3406,359,9
589,34,JHARKHAND,LOHARDAGA,3402,356,7
590,34,JHARKHAND,PAKUR,3414,353,6
591,34,JHARKHAND,PALAMU,3405,358,20
592,34,JHARKHAND,RAMGARH,3423,361,6
593,34,JHARKHAND,RANCHI,3401,364,18
594,34,JHARKHAND,SAHEBGANJ,3413,352,9
595,34,JHARKHAND,SARAIKELA KHARSAWAN,3409,369,9
596,34,JHARKHAND,SIMDEGA,3404,367,10
597,34,JHARKHAND,WEST SINGHBHUM,3408,368,18
598,35,UTTARAKHAND,ALMORA,3507,64,11
599,35,UTTARAKHAND,BAGESHWAR,3512,63,3
600,35,UTTARAKHAND,CHAMOLI,3504,57,9
601,35,UTTARAKHAND,CHAMPAWAT,3510,65,4
602,35,UTTARAKHAND,DEHRADUN,3502,60,6
603,35,UTTARAKHAND,HARIDWAR,3503,68,6
604,35,UTTARAKHAND,NAINITAL,3508,66,8
605,35,UTTARAKHAND,PAURI GARHWAL,3505,61,15
606,35,UTTARAKHAND,PITHORAGARH,3511,62,8
607,35,UTTARAKHAND,RUDRA PRAYAG,3506,58,3
608,35,UTTARAKHAND,TEHRI GARWAL,3513,59,9
609,35,UTTARAKHAND,UDAM SINGH NAGAR,3509,67,7
610,35,UTTARAKHAND,UTTAR KASHI,3501,56,6
611,36,TELANGANA,ADILABAD,3619,532,52
612,36,TELANGANA,KARIMNAGAR,3620,534,57
613,36,TELANGANA,KHAMMAM,3622,541,46
614,36,TELANGANA,MAHBUBNAGAR,3614,538,64
615,36,TELANGANA,MEDAK,3617,535,46
616,36,TELANGANA,NALGONDA,3623,539,59
617,36,TELANGANA,NIZAMABAD,3618,533,36
618,36,TELANGANA,RANGAREDDI,3615,537,33
619,36,TELANGANA,WARANGAL,3621,540,49
